Date / Time,CPU Usage %,Temperature C
2023-03-28 13:42:59.366296,9,48.7
2023-03-28 13:43:09.978006,0.7,47.7
2023-03-28 13:43:20.534682,0.4,45.7
2023-03-28 13:43:31.208791,0.3,45.7
2023-03-28 13:43:41.806863,0.2,45.7
2023-03-28 13:43:52.344339,0.3,44.8
2023-03-28 13:44:03.046698,0.3,45.2
2023-03-28 13:44:13.595458,0.8,44.8
2023-03-28 13:44:24.072437,0.2,45.7
2023-03-28 13:44:34.593956,0.2,46.2
2023-03-28 13:44:45.191231,0.3,45.7
2023-03-28 13:44:55.681841,0.4,44.3
2023-03-28 13:45:06.150007,0.8,44.8
2023-03-28 13:45:16.664933,0.2,44.8
2023-03-28 13:45:27.397405,0.3,46.2
2023-03-28 13:45:37.932349,0.2,45.2
2023-03-28 13:45:48.424863,0.3,45.7
2023-03-28 13:45:58.914214,0.4,44.8
2023-03-28 13:46:09.379714,0.8,46.2
2023-03-28 13:46:19.917023,0.4,44.8
2023-03-28 13:46:30.550023,0.3,44.8
2023-03-28 13:46:41.092349,0.3,44.3
2023-03-28 13:46:51.571705,0.4,44.8
2023-03-28 13:47:02.087284,0.4,44.8
2023-03-28 13:47:12.557631,0.8,44.8
2023-03-28 13:47:23.036553,0.2,44.8
2023-03-28 13:47:33.514069,0.3,44.8
2023-03-28 13:47:44.056690,0.2,45.2
2023-03-28 13:47:54.513256,0.3,44.8
2023-03-28 13:48:04.986290,0.8,45.2
2023-03-28 13:48:15.473379,0.2,45.2
2023-03-28 13:48:25.941680,0.3,45.2
2023-03-28 13:48:36.383438,0.3,45.2
2023-03-28 13:48:46.843564,0.2,43.3
2023-03-28 13:48:57.478007,0.4,45.7
2023-03-28 13:49:08.001918,0.8,46.7
2023-03-28 13:49:18.441195,0.2,45.2
2023-03-28 13:49:28.942685,0.3,45.2
2023-03-28 13:49:39.406256,0.2,44.3
2023-03-28 13:49:49.994209,0.3,45.7
2023-03-28 13:50:00.511516,0.4,45.2
2023-03-28 13:50:11.035603,0.7,46.2
2023-03-28 13:50:21.518608,0.3,45.2
2023-03-28 13:50:32.039085,0.3,44.8
2023-03-28 13:50:42.651157,0.2,43.8
2023-03-28 13:50:53.114905,0.4,45.2
2023-03-28 13:51:03.605778,0.4,44.8
2023-03-28 13:51:14.167444,0.6,45.2
2023-03-28 13:51:24.650592,0.4,44.8
2023-03-28 13:51:35.138688,0.3,44.8
2023-03-28 13:51:45.631505,0.3,45.7
2023-03-28 13:51:56.093580,0.4,44.3
2023-03-28 13:52:06.684263,3.2,46.2
2023-03-28 13:52:17.193702,15.3,47.2
2023-03-28 13:52:27.666558,5,46.2
2023-03-28 13:52:38.121104,13,46.7
2023-03-28 13:52:48.817294,10.2,44.8
2023-03-28 13:52:59.292029,11.2,46.7
2023-03-28 13:53:09.733257,10.6,46.7
2023-03-28 13:53:20.199651,14.9,46.2
2023-03-28 13:53:30.678012,11.8,46.7
2023-03-28 13:53:41.132260,13.6,46.7
2023-03-28 13:53:51.581965,13.7,46.2
2023-03-28 13:54:02.082460,13.6,46.2
2023-03-28 13:54:12.534603,8.8,46.2
2023-03-28 13:54:22.982236,12.6,46.7
2023-03-28 13:54:33.528512,9.2,46.7
2023-03-28 13:54:43.995427,11.4,47.2
2023-03-28 13:54:54.509786,13.1,45.7
2023-03-28 13:55:04.982656,14.9,46.2
2023-03-28 13:55:15.448234,11.5,46.2
2023-03-28 13:55:26.068227,10.6,46.7
2023-03-28 13:55:36.583155,11,46.7
2023-03-28 13:55:47.060379,10.6,46.7
2023-03-28 13:55:57.534564,10.9,46.7
2023-03-28 13:56:08.098476,10.4,47.2
2023-03-28 13:56:18.603635,10.6,46.7
2023-03-28 13:56:29.072525,13.7,46.7
2023-03-28 13:56:39.542604,12.8,46.7
2023-03-28 13:56:50.044140,12.5,46.7
2023-03-28 13:57:00.534037,12.3,47.2
2023-03-28 13:57:10.992259,10.5,46.7
2023-03-28 13:57:21.469023,14.3,45.7
2023-03-28 13:57:31.987394,11.5,46.7
2023-03-28 13:57:42.440556,10,46.2
2023-03-28 13:57:52.907425,13.7,46.7
2023-03-28 13:58:03.342975,11.3,46.7
2023-03-28 13:58:13.824719,9.1,47.2
2023-03-28 13:58:24.360274,12.7,46.7
2023-03-28 13:58:34.959958,13.8,47.2
2023-03-28 13:58:45.420244,13.9,46.7
2023-03-28 13:58:55.900228,12,46.7
2023-03-28 13:59:06.344235,13.4,47.2
2023-03-28 13:59:16.815223,11,47.2
2023-03-28 13:59:27.312710,12.5,46.2
2023-03-28 13:59:37.872310,10.8,46.2
2023-03-28 13:59:48.388922,12.8,47.7
2023-03-28 13:59:59.218232,12.7,47.7
2023-03-28 14:00:09.767554,13.4,48.2
2023-03-28 14:00:20.223597,11,46.7
2023-03-28 14:00:30.701612,12.8,47.2
2023-03-28 14:00:41.265748,12.1,46.7
2023-03-28 14:00:51.766219,13,47.2
2023-03-28 14:01:02.278655,11.2,47.7
2023-03-28 14:01:12.804809,7.5,47.7
2023-03-28 14:01:23.270686,10.8,47.7
2023-03-28 14:01:33.825612,10.8,47.2
2023-03-28 14:01:44.334460,12,47.2
2023-03-28 14:01:54.797041,10.8,46.2
2023-03-28 14:02:05.268804,9.1,47.7
2023-03-28 14:02:15.705253,6.8,46.7
2023-03-28 14:02:26.216721,10.7,46.7
2023-03-28 14:02:36.671014,7.8,47.7
2023-03-28 14:02:47.248080,7.9,46.2
2023-03-28 14:02:57.859719,12,46.2
2023-03-28 14:03:08.358920,8.2,47.7
2023-03-28 14:03:18.894452,8,45.7
2023-03-28 14:03:29.606460,7,46.2
2023-03-28 14:03:40.299154,7.2,45.7
2023-03-28 14:03:50.869105,8.6,46.7
2023-03-28 14:04:01.334596,9.9,46.2
2023-03-28 14:04:11.833162,8.1,46.7
2023-03-28 14:04:22.292294,9.9,46.2
2023-03-28 14:04:32.782664,10.1,47.2
2023-03-28 14:04:43.342500,10.1,46.7
2023-03-28 14:04:53.876323,8.5,46.7
2023-03-28 14:05:04.411901,10.5,47.2
2023-03-28 14:05:14.885337,9,47.7
2023-03-28 14:05:25.466933,10.7,46.7
2023-03-28 14:05:35.936239,11,46.7
2023-03-28 14:05:46.420778,10.5,46.2
2023-03-28 14:05:56.901425,8.5,46.7
2023-03-28 14:06:07.396341,8.8,47.7
2023-03-28 14:06:17.828272,8.9,46.7
2023-03-28 14:06:28.312304,7.7,47.7
2023-03-28 14:06:38.790502,9.5,45.7
2023-03-28 14:06:49.326762,11.6,46.7
2023-03-28 14:06:59.803034,11.5,45.7
2023-03-28 14:07:10.285584,11.3,46.7
2023-03-28 14:07:20.805750,12.9,45.7
2023-03-28 14:07:31.314184,12.2,45.7
2023-03-28 14:07:41.793067,12.4,46.2
2023-03-28 14:07:52.263758,13.5,46.7
2023-03-28 14:08:02.725537,14,46.2
2023-03-28 14:08:13.188534,11,46.7
2023-03-28 14:08:23.712262,13.3,47.2
2023-03-28 14:08:34.209419,13.9,46.7
2023-03-28 14:08:44.698582,13.7,47.2
2023-03-28 14:08:55.186235,12.6,47.2
2023-03-28 14:09:05.672534,11.5,47.7
2023-03-28 14:09:16.135834,13.8,47.2
2023-03-28 14:09:26.618492,12.6,47.2
2023-03-28 14:09:37.124289,10.1,46.7
2023-03-28 14:09:47.578138,12.7,47.2
2023-03-28 14:09:58.067335,12.9,46.7
2023-03-28 14:10:08.537343,9.3,47.7
2023-03-28 14:10:18.999751,13.7,47.2
2023-03-28 14:10:29.438971,14.5,47.2
2023-03-28 14:10:39.987910,14.6,47.7
2023-03-28 14:10:50.444271,11.4,46.7
2023-03-28 14:11:00.914096,13.2,46.2
2023-03-28 14:11:11.348775,8.8,47.7
2023-03-28 14:11:21.803288,11.4,47.7
2023-03-28 14:11:32.246886,9.7,46.7
2023-03-28 14:11:42.745421,11.9,46.7
2023-03-28 14:11:53.197812,11.7,46.7
2023-03-28 14:12:03.664767,11.1,47.7
2023-03-28 14:12:14.148277,10.8,46.7
2023-03-28 14:12:24.696349,11,46.2
2023-03-28 14:12:35.194229,12.9,47.2
2023-03-28 14:12:45.636258,10.9,46.7
2023-03-28 14:12:56.106052,12.5,47.2
2023-03-28 14:13:06.668794,11.3,47.2
2023-03-28 14:13:17.144298,9.8,47.2
2023-03-28 14:13:27.664532,11.6,47.7
2023-03-28 14:13:38.188392,14.4,47.7
2023-03-28 14:13:48.650465,12.8,47.2
2023-03-28 14:13:59.202931,13.5,46.7
2023-03-28 14:14:09.759789,11,48.2
2023-03-28 14:14:20.234988,10.6,47.2
2023-03-28 14:14:30.709606,13.6,47.2
2023-03-28 14:14:41.218022,10.9,47.7
2023-03-28 14:14:51.702829,14,47.7
2023-03-28 14:15:02.156292,14.6,46.7
2023-03-28 14:15:12.610000,10.2,46.7
2023-03-28 14:15:23.200288,10.2,47.2
2023-03-28 14:15:33.710749,9.8,47.2
2023-03-28 14:15:44.216265,13.6,47.2
2023-03-28 14:15:54.708666,11.8,47.2
2023-03-28 14:16:05.307323,12.6,47.2
2023-03-28 14:16:15.794661,8.9,46.2
2023-03-28 14:16:26.259933,10.6,48.2
2023-03-28 14:16:36.767033,13.3,47.2
2023-03-28 14:16:47.241056,12.5,47.2
2023-03-28 14:16:57.710201,14.4,48.7
2023-03-28 14:17:08.212197,11.5,47.7
2023-03-28 14:17:18.653007,13.6,47.2
2023-03-28 14:17:29.116929,15.7,47.7
2023-03-28 14:17:39.609642,13.6,47.2
2023-03-28 14:17:50.101042,14.2,47.2
2023-03-28 14:18:00.548746,12.6,47.2
2023-03-28 14:18:11.035464,11.2,47.7
2023-03-28 14:18:21.617747,14.5,47.7
2023-03-28 14:18:32.186306,13.2,47.2
2023-03-28 14:18:42.660646,12.2,47.7
2023-03-28 14:18:53.194041,11,47.2
2023-03-28 14:19:03.640279,12.9,46.7
2023-03-28 14:19:14.112744,10.1,47.2
2023-03-28 14:19:24.650228,10,46.7
2023-03-28 18:40:34.736842,6.4,49.1
2023-03-28 18:41:19.781143,8.5,50.1
2023-03-28 18:42:55.192444,8.8,50.6
2023-03-28 18:43:06.028521,1.8,50.1
2023-03-28 18:43:16.777489,1.1,49.6
2023-03-28 18:44:41.662082,8.3,50.6
2023-03-28 18:44:52.550117,1.1,50.6
2023-03-28 18:45:03.321572,1.3,50.1
2023-03-28 18:46:50.212863,8.1,50.6
2023-03-28 18:47:01.184077,1.1,50.6
2023-03-28 18:47:12.130062,1.3,49.6
2023-03-28 18:47:23.064514,0.8,50.1
2023-03-28 18:47:33.780269,0.7,49.6
2023-03-28 18:47:44.592976,0.6,50.1
2023-03-28 18:47:55.142425,0.8,50.1
2023-03-28 18:48:05.929008,1.1,51.1
2023-03-28 18:48:16.425163,0.7,49.6
2023-03-28 18:48:26.937412,0.6,48.7
2023-03-28 18:48:37.475466,0.9,51.1
2023-03-28 18:48:48.151433,0.7,50.1
2023-03-28 18:48:58.689320,0.6,49.6
2023-03-28 18:49:09.210640,1.2,50.6
2023-03-28 18:49:19.879768,0.7,50.6
2023-03-28 18:49:30.524230,0.8,50.1
2023-03-28 18:49:41.191579,0.6,50.1
2023-03-28 18:49:51.837817,0.7,49.6
2023-03-28 18:50:02.526303,0.9,51.6
2023-03-28 18:50:13.061079,0.9,50.6
2023-03-28 18:50:23.554488,0.7,50.6
2023-03-28 18:50:34.222488,0.7,50.6
2023-03-28 18:50:44.915211,0.7,50.6
2023-03-28 18:50:55.434550,0.7,51.1
2023-03-28 18:51:05.989439,1.1,50.1
2023-03-28 18:51:16.544133,0.6,50.1
2023-03-28 18:51:27.248483,0.8,50.6
2023-03-28 18:51:37.764313,0.7,50.6
2023-03-28 18:51:48.564076,0.6,49.1
2023-03-28 18:51:59.126371,0.2,49.6
2023-03-28 18:52:09.693074,0.8,49.6
2023-03-28 18:52:20.266482,0.2,50.6
2023-03-28 18:52:30.835650,0.3,48.2
2023-03-28 18:52:41.388494,0.2,48.7
2023-03-28 18:52:51.996900,0.4,48.7
2023-03-28 18:53:02.669462,0.4,49.1
2023-03-28 18:53:13.259504,0.6,48.7
2023-03-28 18:53:23.812266,0.3,49.6
2023-03-28 18:53:34.350971,0.2,49.1
2023-03-28 18:53:44.899389,0.3,49.1
2023-03-28 18:53:55.460311,0.2,48.7
2023-03-28 18:54:06.030934,0.8,48.7
2023-03-28 18:54:16.532624,0.1,49.1
2023-03-28 18:54:27.127990,0.3,48.7
2023-03-28 18:54:37.662953,0.2,48.2
2023-03-28 18:54:48.220707,0.3,48.2
2023-03-28 18:54:58.810518,0.2,48.7
2023-03-28 18:55:09.354955,0.9,49.1
2023-03-28 18:55:19.968632,0.2,48.7
2023-03-28 18:55:30.547226,0.3,48.2
2023-03-28 18:55:41.121264,0.2,48.2
2023-03-28 18:55:51.798589,0.3,49.1
2023-03-28 18:56:02.429736,0.4,48.2
2023-03-28 18:56:13.012266,0.6,47.2
2023-03-28 18:56:23.635140,0.3,48.7
2023-03-28 18:56:34.192378,0.2,48.2
2023-03-28 18:56:44.757196,0.2,48.2
2023-03-28 18:56:55.368126,0.4,47.2
2023-03-28 18:57:05.928871,0.8,48.2
2023-03-28 18:57:16.532411,0.1,48.7
2023-03-28 18:57:27.112147,0.2,48.2
2023-03-28 18:57:37.674173,0.3,48.2
2023-03-28 18:57:48.257476,0.4,49.1
2023-03-28 18:57:58.787758,0.2,48.7
2023-03-28 18:58:09.348242,0.7,48.2
2023-03-28 18:58:19.920553,0.2,48.2
2023-03-28 18:58:30.554421,0.2,47.2
2023-03-28 18:58:41.137050,0.3,47.2
2023-03-28 18:58:51.704913,0.4,48.2
2023-03-28 18:59:02.359425,0.3,49.1
2023-03-28 18:59:12.940047,0.7,48.7
2023-03-28 18:59:23.516660,0.2,49.1
2023-03-28 18:59:34.067351,0.2,48.7
2023-03-28 18:59:44.658512,0.2,47.7
2023-03-28 18:59:55.234750,0.3,49.1
2023-03-28 19:00:05.822638,0.8,48.7
2023-03-28 19:00:16.339723,0.1,48.2
2023-03-28 19:00:26.900346,0.3,49.1
2023-03-28 19:00:37.513295,0.3,48.2
2023-03-28 19:00:48.127805,0.3,48.2
2023-03-28 19:00:58.718172,0.3,48.7
2023-03-28 19:01:09.286425,0.6,49.6
2023-03-28 19:01:19.831555,0.2,47.7
2023-03-28 19:01:30.560562,0.3,48.2
2023-03-28 19:01:41.179663,0.2,47.7
2023-03-28 19:01:51.703281,0.3,48.2
2023-03-28 19:02:02.370987,0.4,48.7
2023-03-28 19:02:12.960521,0.6,49.1
2023-03-28 19:02:23.519599,0.3,48.2
2023-03-28 19:02:34.052329,0.3,48.7
2023-03-28 19:02:44.608299,0.2,48.2
2023-03-28 19:02:55.170575,0.3,47.7
2023-03-28 19:03:05.727711,0.8,48.7
2023-03-28 19:03:16.262788,0.2,48.7
2023-03-28 19:03:26.800422,0.3,47.7
2023-03-28 19:03:37.442417,0.3,48.2
2023-03-28 19:03:47.991483,0.3,48.2
2023-03-28 19:03:58.526280,0.3,47.7
2023-03-28 19:04:09.053297,0.7,48.7
2023-03-28 19:04:19.556366,0.2,47.7
2023-03-28 19:04:30.072558,0.2,47.7
2023-03-28 19:04:40.621245,0.2,47.7
2023-03-28 19:04:51.158076,0.3,47.2
2023-03-28 19:05:01.815325,0.4,48.2
2023-03-28 19:05:12.381598,0.7,48.7
2023-03-28 19:05:22.949259,0.2,47.7
2023-03-28 19:05:33.659480,0.2,49.1
2023-03-28 19:05:44.226603,0.3,46.7
2023-03-28 19:05:54.770988,0.4,48.7
2023-03-28 19:06:05.316782,0.9,48.2
2023-03-28 19:06:15.848290,0.1,47.2
2023-03-28 19:06:27.053017,0.2,48.7
2023-03-28 19:06:37.807701,0.3,48.2
2023-03-28 19:06:48.413939,0.2,47.2
2023-03-28 19:06:59.009206,0.3,48.7
2023-03-28 19:07:09.573407,0.8,48.7
2023-03-28 19:07:20.128106,0.3,48.7
2023-03-28 19:07:30.698851,0.2,47.7
2023-03-28 19:07:41.251869,0.2,48.2
2023-03-28 19:07:51.809803,0.3,48.2
2023-03-28 19:08:02.494976,0.3,47.7
2023-03-28 19:08:13.192358,0.7,48.7
2023-03-28 19:08:23.740093,0.3,48.2
2023-03-28 19:08:34.278172,0.3,48.2
2023-03-28 19:08:44.864045,0.3,47.2
2023-03-28 19:08:55.465811,0.3,46.7
2023-03-28 19:09:06.020040,1.4,47.7
2023-03-28 19:09:16.599490,0.1,47.7
2023-03-28 19:09:27.215693,0.3,47.2
2023-03-28 19:09:38.428088,0.3,46.2
2023-03-28 19:09:49.124306,0.2,48.2
2023-03-28 19:09:59.691261,0.2,46.7
2023-03-28 19:10:10.397781,0.8,47.7
2023-03-28 19:10:21.031822,0.3,48.2
2023-03-28 19:10:31.578241,0.2,47.7
2023-03-28 19:10:42.160533,0.2,47.7
2023-03-28 19:10:52.711604,0.3,47.2
2023-03-28 19:11:03.457583,0.4,47.2
2023-03-28 19:11:14.307594,0.7,48.2
2023-03-28 19:11:24.913287,0.2,47.7
2023-03-28 19:11:35.447576,0.2,46.7
2023-03-28 19:11:46.116410,0.2,47.7
2023-03-28 19:11:56.648369,0.3,46.7
2023-03-28 19:12:07.207948,0.8,47.2
2023-03-28 19:12:17.763005,0.2,47.7
2023-03-28 19:12:28.334521,0.2,46.7
2023-03-28 19:12:38.921583,0.3,46.2
2023-03-28 19:12:49.494476,0.3,46.7
2023-03-28 19:13:00.205242,0.2,47.2
2023-03-28 19:13:10.777747,0.9,47.2
2023-03-28 19:13:21.366628,0.3,46.2
2023-03-28 19:13:32.333385,0.3,47.2
2023-03-28 19:13:43.071738,0.2,46.7
2023-03-28 19:13:53.637456,0.4,46.7
2023-03-28 19:14:04.283586,0.4,47.2
2023-03-28 19:14:14.850220,0.7,46.7
2023-03-28 19:14:25.492055,0.3,46.7
2023-03-28 19:14:36.175412,0.3,46.7
2023-03-28 19:14:46.752741,0.2,46.7
2023-03-28 19:14:57.345825,0.3,46.2
2023-03-28 19:15:07.903101,0.8,46.7
2023-03-28 19:15:18.604893,0.1,46.7
2023-03-28 19:15:29.191754,0.3,46.7
2023-03-28 19:15:39.784417,0.2,45.7
2023-03-28 19:15:50.349550,0.3,46.2
2023-03-28 19:16:01.204967,0.3,46.7
2023-03-28 19:16:11.789190,0.8,46.7
2023-03-28 19:16:22.735305,0.3,46.2
2023-03-28 19:16:33.459297,0.2,46.7
2023-03-28 19:16:44.052104,0.2,46.7
2023-03-28 19:16:54.630939,0.3,45.7
2023-03-28 19:17:05.321941,1,47.2
2023-03-28 19:17:15.833119,0.1,46.2
2023-03-28 19:17:26.437401,0.2,46.2
2023-03-28 19:17:37.620556,0.2,46.2
2023-03-28 19:17:48.191328,0.2,46.7
2023-03-28 19:17:58.724336,0.3,46.7
2023-03-28 19:18:09.279303,0.7,46.7
2023-03-28 19:18:19.811812,0.2,46.2
2023-03-28 19:18:30.391502,0.2,46.7
2023-03-28 19:18:40.936103,0.3,46.2
2023-03-28 19:18:51.485374,0.3,45.7
2023-03-28 19:19:02.076215,0.4,46.2
2023-03-28 19:19:12.630107,0.6,45.7
2023-03-28 19:19:23.204152,0.3,46.7
2023-03-28 19:19:33.775231,0.3,46.2
2023-03-28 19:19:44.335821,0.3,46.2
2023-03-28 19:19:54.875276,0.3,45.7
2023-03-28 19:20:05.611948,0.8,47.2
2023-03-28 19:20:16.392909,0.1,46.2
2023-03-28 19:20:27.050153,0.3,45.7
2023-03-28 19:20:37.618005,0.3,46.2
2023-03-28 19:20:48.184659,0.3,45.7
2023-03-28 19:20:58.877243,0.3,46.7
2023-03-28 19:21:09.633418,0.8,47.2
2023-03-28 19:21:20.188723,0.4,46.7
2023-03-28 19:21:30.781943,0.2,46.7
2023-03-28 19:21:41.340567,0.4,46.7
2023-03-28 19:21:51.897733,0.3,46.7
2023-03-28 19:22:02.475358,0.4,46.2
2023-03-28 19:22:13.076680,0.6,46.2
2023-03-28 19:22:23.647302,0.3,46.2
2023-03-28 19:22:34.295730,0.2,46.2
2023-03-28 19:22:44.890280,0.2,45.7
2023-03-28 19:22:55.452285,0.3,46.2
2023-03-28 19:23:06.124288,0.8,46.2
2023-03-28 19:23:16.724091,0.2,47.2
2023-03-28 19:23:27.338564,0.3,46.7
2023-03-28 19:23:37.892250,0.3,46.2
2023-03-28 19:23:48.466564,0.2,44.8
2023-03-28 19:23:59.043282,0.3,46.2
2023-03-28 19:24:09.620319,0.9,46.7
2023-03-28 19:24:20.177922,0.2,46.7
2023-03-28 19:24:30.778583,0.2,46.2
2023-03-28 19:24:41.324077,0.2,45.7
2023-03-28 19:24:51.908314,0.3,46.2
2023-03-28 19:25:02.522296,0.4,46.7
2023-03-28 19:25:13.069217,0.6,46.2
2023-03-28 19:25:23.883888,0.3,44.8
2023-03-28 19:25:34.413898,0.2,45.7
2023-03-28 19:25:44.989577,0.3,46.7
2023-03-28 19:25:55.549258,0.4,45.7
2023-03-28 19:26:06.247281,0.8,47.2
2023-03-28 19:26:16.785601,0.1,47.2
2023-03-28 19:26:27.336631,0.3,45.7
2023-03-28 19:26:37.970821,0.3,46.7
2023-03-28 19:26:48.621676,0.2,46.2
2023-03-28 19:26:59.180501,0.3,46.2
2023-03-28 19:27:09.709997,0.8,46.2
2023-03-28 19:27:20.277856,0.3,46.7
2023-03-28 19:27:30.870525,0.3,46.2
2023-03-28 19:27:41.431609,0.2,46.7
2023-03-28 19:27:52.195876,0.3,46.7
2023-03-28 19:28:02.750505,0.4,46.2
2023-03-28 19:28:13.326965,0.6,46.2
2023-03-28 19:28:23.849653,0.3,46.7
2023-03-28 19:28:34.411495,0.3,46.7
2023-03-28 19:28:44.967607,0.3,46.7
2023-03-28 19:28:55.517518,0.2,46.2
2023-03-28 19:29:06.169606,0.9,47.2
2023-03-28 19:29:16.740408,0.1,46.7
2023-03-28 19:29:27.294111,0.2,45.2
2023-03-28 19:29:37.885467,0.3,45.2
2023-03-28 19:29:48.424115,0.2,46.2
2023-03-28 19:29:58.960446,0.2,46.7
2023-03-28 19:30:09.706002,1,47.7
2023-03-28 19:30:20.277654,0.3,45.7
2023-03-28 19:30:30.958180,0.2,46.2
2023-03-28 19:30:41.505711,0.3,46.7
2023-03-28 19:30:52.051976,0.3,46.2
2023-03-28 19:31:02.593476,0.3,45.7
2023-03-28 19:31:13.134246,0.7,46.2
2023-03-28 19:31:23.682919,0.3,46.2
2023-03-28 19:31:34.245886,0.2,45.2
2023-03-28 19:31:44.811046,0.2,45.7
2023-03-28 19:31:55.506940,0.2,45.2
2023-03-28 19:32:06.178563,0.9,46.2
2023-03-28 19:32:16.722840,0.2,46.2
2023-03-28 19:32:27.317193,0.2,46.7
2023-03-28 19:32:37.906632,0.2,45.2
2023-03-28 19:32:48.486892,0.3,46.7
2023-03-28 19:32:59.021378,0.2,46.2
2023-03-28 19:33:09.581026,0.9,46.2
2023-03-28 19:33:20.365103,0.2,46.2
2023-03-28 19:33:30.938878,0.3,45.7
2023-03-28 19:33:41.489265,0.2,46.2
2023-03-28 19:33:52.023184,0.3,45.7
2023-03-28 19:34:02.576725,0.5,47.2
2023-03-28 19:34:13.136322,0.5,46.7
2023-03-28 19:34:23.823830,0.3,47.2
2023-03-28 19:34:34.353408,0.3,46.2
2023-03-28 19:34:44.903728,0.2,45.7
2023-03-28 19:34:55.473629,0.3,46.7
2023-03-28 19:35:06.142532,0.9,47.2
2023-03-28 19:35:16.641483,0.2,46.7
2023-03-28 19:35:27.174444,0.3,45.7
2023-03-28 19:35:37.736137,0.3,45.7
2023-03-28 19:35:48.297557,0.2,47.2
2023-03-28 19:35:58.956102,0.3,47.2
2023-03-28 19:36:09.523764,0.9,46.7
2023-03-28 19:36:20.056330,0.2,47.7
2023-03-28 19:36:30.616527,0.2,45.7
2023-03-28 19:36:41.175068,0.3,46.7
2023-03-28 19:36:51.732602,0.3,47.2
2023-03-28 19:37:02.320264,0.4,46.2
2023-03-28 19:37:12.881813,0.6,46.7
2023-03-28 19:37:23.418469,0.3,45.2
2023-03-28 19:37:33.946872,0.2,46.2
2023-03-28 19:37:44.890303,0.3,45.2
2023-03-28 19:37:55.484747,0.3,45.7
2023-03-28 19:38:06.039919,0.9,46.7
2023-03-28 19:38:16.642946,0.2,45.7
2023-03-28 19:38:27.222997,0.2,46.2
2023-03-28 19:38:37.768829,0.3,46.7
2023-03-28 19:38:48.341845,0.2,46.7
2023-03-28 19:38:58.905286,0.3,46.2
2023-03-28 19:39:09.471233,1.4,45.2
2023-03-28 19:39:20.032280,0.3,45.7
2023-03-28 19:39:30.559403,0.2,46.7
2023-03-28 19:39:41.172053,0.3,46.7
2023-03-28 19:39:51.723552,0.3,45.7
2023-03-28 19:40:02.251051,0.4,45.7
2023-03-28 19:40:12.837725,0.7,45.7
2023-03-28 19:40:23.367774,0.3,45.7
2023-03-28 19:40:33.919880,0.3,47.2
2023-03-28 19:40:44.477677,0.2,46.2
2023-03-28 19:40:55.025499,0.3,46.2
2023-03-28 19:41:06.127993,0.9,47.2
2023-03-28 19:41:16.846723,0.1,46.7
2023-03-28 19:41:27.412336,0.2,46.2
2023-03-28 19:41:37.987453,0.3,47.2
2023-03-28 19:41:48.535073,0.2,46.7
2023-03-28 19:41:59.104004,0.3,46.7
2023-03-28 19:42:09.669039,0.9,46.7
2023-03-28 19:42:20.201578,0.3,46.7
2023-03-28 19:42:30.971357,0.3,46.2
2023-03-28 19:42:41.524391,0.2,46.7
2023-03-28 19:42:52.097740,0.3,45.7
2023-03-28 19:43:02.665985,0.4,45.2
2023-03-28 19:43:13.216416,0.7,46.7
2023-03-28 19:43:23.784655,0.3,46.2
2023-03-28 19:43:34.477606,0.2,45.7
2023-03-28 19:43:45.145400,0.3,45.2
2023-03-28 19:43:55.712482,0.3,45.7
2023-03-28 19:44:06.266170,0.9,46.2
2023-03-28 19:44:16.860035,0.2,46.7
2023-03-28 19:44:27.411637,0.2,45.7
2023-03-28 19:44:37.964727,0.3,45.2
2023-03-28 19:44:48.573884,0.2,46.7
2023-03-28 19:44:59.120272,0.3,46.2
2023-03-28 19:45:09.677909,0.9,45.7
2023-03-28 19:45:20.220225,0.3,47.2
2023-03-28 19:45:30.784118,0.3,46.2
2023-03-28 19:45:41.326129,0.2,46.2
2023-03-28 19:45:52.399095,0.3,45.7
2023-03-28 19:46:02.963137,0.6,45.7
2023-03-28 19:46:13.533069,0.7,47.2
2023-03-28 19:46:24.126150,0.2,45.7
2023-03-28 19:46:34.688045,0.3,45.7
2023-03-28 19:46:45.511070,0.6,47.2
2023-03-28 19:46:56.066934,0.3,45.2
2023-03-28 19:47:06.992958,1.1,47.2
2023-03-28 19:47:18.014937,0.2,46.7
2023-03-28 19:47:28.929243,0.2,45.7
2023-03-28 19:47:39.935052,0.3,46.2
2023-03-28 19:47:50.692328,0.3,46.2
2023-03-28 19:48:01.643457,0.4,45.2
2023-03-28 19:48:12.526672,0.7,45.7
2023-03-28 19:48:23.174882,0.3,45.7
2023-03-28 19:48:33.951812,0.3,45.7
2023-03-28 19:48:44.732679,0.2,46.7
2023-03-28 19:48:55.685018,0.2,46.2
2023-03-28 19:49:06.467473,0.9,46.2
2023-03-28 19:49:17.446761,0.2,46.2
2023-03-28 19:49:28.245240,0.3,45.7
2023-03-28 19:49:38.957197,0.3,46.2
2023-03-28 19:49:49.773052,0.3,46.2
2023-03-28 19:50:00.439876,0.3,45.7
2023-03-28 19:50:11.176131,0.7,46.7
2023-03-28 19:50:21.948482,0.3,45.7
2023-03-28 19:50:32.732843,0.3,45.7
2023-03-28 19:50:43.405280,0.2,45.7
2023-03-28 19:50:54.235799,0.3,46.2
2023-03-28 19:51:04.911033,0.7,46.2
2023-03-28 19:51:15.666612,0.1,46.7
2023-03-28 19:51:26.343318,0.3,45.7
2023-03-28 19:51:36.979483,0.3,46.7
2023-03-28 19:51:47.738176,0.3,45.7
2023-03-28 19:51:58.550169,0.3,45.7
2023-03-28 19:52:09.349094,0.8,46.7
2023-03-28 19:52:20.005230,0.3,46.7
2023-03-28 19:52:30.554217,0.3,45.7
2023-03-28 19:52:41.185837,0.3,46.7
2023-03-28 19:52:51.899710,0.2,45.7
2023-03-28 19:53:02.468287,0.4,45.7
2023-03-28 19:53:13.092652,0.6,46.7
2023-03-28 19:53:23.671056,0.2,46.2
2023-03-28 19:53:34.453003,0.3,45.2
2023-03-28 19:53:44.985767,0.2,44.8
2023-03-28 19:53:55.503709,0.3,45.7
2023-03-28 19:54:06.013922,0.9,46.7
2023-03-28 19:54:16.492155,0.1,46.7
2023-03-28 19:54:27.124631,0.3,45.2
2023-03-28 19:54:38.005924,0.2,45.7
2023-03-28 19:54:48.698389,0.3,46.2
2023-03-28 19:54:59.481831,0.2,46.2
2023-03-28 19:55:09.976241,0.9,46.2
2023-03-28 19:55:20.624725,0.2,46.2
2023-03-28 19:55:31.420035,0.2,45.7
2023-03-28 19:55:42.192288,0.2,46.2
2023-03-28 19:55:52.727811,0.3,46.7
2023-03-28 19:56:03.366470,0.4,46.7
2023-03-28 19:56:13.990848,0.6,46.2
2023-03-28 19:56:24.702142,0.3,46.7
2023-03-28 19:56:35.253879,0.2,46.2
2023-03-28 19:56:45.899770,0.3,46.7
2023-03-28 19:56:56.468981,0.2,45.7
2023-03-28 19:57:06.966754,0.9,46.7
2023-03-28 19:57:17.439802,0.2,46.2
2023-03-28 19:57:28.441206,0.2,46.2
2023-03-28 19:57:39.096117,0.2,46.7
2023-03-28 19:57:49.622039,0.2,45.7
2023-03-28 19:58:00.404415,0.3,46.7
2023-03-28 19:58:11.070837,0.8,46.7
2023-03-28 19:58:21.754086,0.3,46.2
2023-03-28 19:58:32.346272,0.3,46.7
2023-03-28 19:58:42.864439,0.2,45.7
2023-03-28 19:58:53.372490,0.2,46.7
2023-03-28 19:59:04.198615,0.4,45.2
2023-03-28 19:59:14.825380,0.7,46.2
2023-03-28 19:59:25.335512,0.2,46.7
2023-03-28 19:59:35.840268,0.3,46.2
2023-03-28 19:59:46.500240,0.2,46.2
2023-03-28 19:59:57.030061,0.2,46.2
2023-03-28 20:00:07.537211,0.9,46.7
2023-03-28 20:00:18.039333,0.2,46.2
2023-03-28 20:00:28.549983,0.2,46.2
2023-03-28 20:00:39.180799,0.3,46.2
2023-03-28 20:00:49.675985,0.2,46.7
2023-03-28 20:01:00.220279,0.2,47.2
2023-03-28 20:01:10.738019,0.8,46.2
2023-03-28 20:01:21.391496,0.3,46.2
2023-03-28 20:01:31.904991,0.3,46.2
2023-03-28 20:01:42.430675,0.3,46.7
2023-03-28 20:01:52.935217,0.2,46.7
2023-03-28 20:02:03.591857,0.4,46.2
2023-03-28 20:02:14.118540,0.7,46.2
2023-03-28 20:02:25.010430,0.2,46.7
2023-03-28 20:02:35.522768,0.2,47.2
2023-03-28 20:02:46.242414,0.2,47.7
2023-03-28 20:02:56.743327,0.3,45.7
2023-03-28 20:03:07.262670,0.8,47.7
2023-03-28 20:03:17.892380,0.2,47.2
2023-03-28 20:03:28.413010,0.2,46.7
2023-03-28 20:03:38.940948,0.8,47.2
2023-03-28 20:03:49.443933,0.3,46.7
2023-03-28 20:04:00.035848,0.4,46.7
2023-03-28 20:04:10.585071,2.2,46.7
2023-03-28 20:04:21.098108,1.1,48.7